<?xml version="1.0" encoding="UTF-8"?>
<!DOCTYPE hibernate-configuration PUBLIC "-//Hibernate/Hibernate Configuration DTD 3.0//EN" "http://hibernate.sourceforge.net/hibernate-configuration-3.0.dtd">

<hibernate-configuration>
  <session-factory>
    <property name="hibernate.dialect">org.hibernate.dialect.MySQLDialect</property>
    <property name="hibernate.connection.driver_class">com.mysql.jdbc.Driver</property>
    <property name="hibernate.connection.url">jdbc:mysql://localhost:3306/contabilidade?zeroDateTimeBehavior=convertToNull</property>
    <property name="hibernate.connection.username">root</property>
    
    <!-- VISUALIZAR OS CÓDIGOS SQL NA COMPILAÇÃO -->
    <property name="hibernate.show_sql">true</property>
    <!-- FORMATAR A EXIBIÇÃO DOS DADOS ACIMA -->
    <property name="hibernate.format_sql">true</property>
    <!-- MODO DE CRIAÇÃO DAS TABELAS -->
    <property name="hbm2ddl.auto">update</property>
    
  </session-factory>
</hibernate-configuration>
